-- phpMyAdmin SQL Dump
-- version 5.2.1
-- https://www.phpmyadmin.net/
--
-- Hôte : 127.0.0.1
-- Généré le : ven. 23 mai 2025 à 16:15
-- Version du serveur : 10.4.32-MariaDB
-- Version de PHP : 8.0.30

SET SQL_MODE = "NO_AUTO_VALUE_ON_ZERO";
START TRANSACTION;
SET time_zone = "+00:00";


/*!40101 SET @OLD_CHARACTER_SET_CLIENT=@@CHARACTER_SET_CLIENT */;
/*!40101 SET @OLD_CHARACTER_SET_RESULTS=@@CHARACTER_SET_RESULTS */;
/*!40101 SET @OLD_COLLATION_CONNECTION=@@COLLATION_CONNECTION */;
/*!40101 SET NAMES utf8mb4 */;

--
-- Base de données : `gestion_notes`
--

-- --------------------------------------------------------

--
-- Structure de la table `classes`
--

CREATE TABLE `classes` (
  `id` bigint(20) UNSIGNED NOT NULL,
  `nom` varchar(255) NOT NULL,
  `created_at` timestamp NULL DEFAULT NULL,
  `updated_at` timestamp NULL DEFAULT NULL
) ENGINE=InnoDB DEFAULT CHARSET=utf8mb4 COLLATE=utf8mb4_unicode_ci;

--
-- Déchargement des données de la table `classes`
--

INSERT INTO `classes` (`id`, `nom`, `created_at`, `updated_at`) VALUES
(1, 'CP1', '2025-05-15 16:20:49', '2025-05-15 16:20:49'),
(2, 'CP2', '2025-05-15 16:20:49', '2025-05-15 16:20:49'),
(3, 'DATA1', '2025-05-15 16:20:49', '2025-05-15 16:20:49'),
(4, 'TDIA1', '2025-05-15 16:20:49', '2025-05-15 16:20:49');

-- --------------------------------------------------------

--
-- Structure de la table `convocations`
--

CREATE TABLE `convocations` (
  `id` bigint(20) UNSIGNED NOT NULL,
  `created_at` timestamp NULL DEFAULT NULL,
  `updated_at` timestamp NULL DEFAULT NULL,
  `salle_id` bigint(20) UNSIGNED DEFAULT NULL,
  `niveau` varchar(255) DEFAULT NULL,
  `date` date DEFAULT NULL,
  `heure` time DEFAULT NULL,
  `surveillant_id` bigint(20) UNSIGNED DEFAULT NULL
) ENGINE=InnoDB DEFAULT CHARSET=utf8mb4 COLLATE=utf8mb4_unicode_ci;

--
-- Déchargement des données de la table `convocations`
--

INSERT INTO `convocations` (`id`, `created_at`, `updated_at`, `salle_id`, `niveau`, `date`, `heure`, `surveillant_id`) VALUES
(20, '2025-05-23 13:04:01', '2025-05-23 13:04:01', 3, 'CP1', '2025-06-14', '13:00:00', 4),
(21, '2025-05-23 13:08:05', '2025-05-23 13:08:05', 3, 'CP1', '2025-07-13', '10:00:00', 4);

-- --------------------------------------------------------

--
-- Structure de la table `enseignants`
--

CREATE TABLE `enseignants` (
  `id` bigint(20) UNSIGNED NOT NULL,
  `nom` varchar(255) NOT NULL,
  `prenom` varchar(255) NOT NULL,
  `email` varchar(255) NOT NULL,
  `telephone` varchar(255) DEFAULT NULL,
  `matricule` varchar(255) NOT NULL,
  `created_at` timestamp NULL DEFAULT NULL,
  `updated_at` timestamp NULL DEFAULT NULL
) ENGINE=InnoDB DEFAULT CHARSET=utf8mb4 COLLATE=utf8mb4_unicode_ci;

-- --------------------------------------------------------

--
-- Structure de la table `etudiants`
--

CREATE TABLE `etudiants` (
  `id` bigint(20) UNSIGNED NOT NULL,
  `nom` varchar(255) NOT NULL,
  `prenom` varchar(255) NOT NULL,
  `email` varchar(255) NOT NULL,
  `cne` varchar(255) NOT NULL,
  `niveau` varchar(255) NOT NULL,
  `filiere` varchar(255) DEFAULT NULL,
  `classe_id` bigint(20) UNSIGNED DEFAULT NULL,
  `created_at` timestamp NULL DEFAULT NULL,
  `updated_at` timestamp NULL DEFAULT NULL
) ENGINE=InnoDB DEFAULT CHARSET=utf8mb4 COLLATE=utf8mb4_unicode_ci;

--
-- Déchargement des données de la table `etudiants`
--

INSERT INTO `etudiants` (`id`, `nom`, `prenom`, `email`, `cne`, `niveau`, `filiere`, `classe_id`, `created_at`, `updated_at`) VALUES
(1, 'Bencheikh', 'Imane', 'lorena.ebert@example.org', 'ggggggggggg', 'CP1', 'TDIA', 1, '2025-05-15 16:20:51', '2025-05-21 21:55:52'),
(2, 'Zahidi', 'Zakaria', 'smith.julie@example.net', 'KJZ7I5PM2R', 'CP1', 'TDIA', 1, '2025-05-15 16:20:51', '2025-05-15 16:20:51'),
(3, 'Moujahid', 'Mohamed', 'stoltenberg.taurean@example.com', 'MK4CMK40QY', 'CP1', 'TDIA', 1, '2025-05-15 16:20:51', '2025-05-15 16:20:51'),
(4, 'dadda', 'Mohamed', 'candido93@example.net', 'XTWZQJJFJP', 'CP1', 'DATA', 1, '2025-05-15 16:20:51', '2025-05-15 16:20:51'),
(5, 'menouar', 'Salma', 'satterfield.cali@example.org', 'CX6F2V8VHS', 'CP1', 'TDIA', 1, '2025-05-15 16:20:51', '2025-05-15 16:20:51'),
(6, 'Qachach', 'Mohamed', 'lew68@example.com', 'AFCD19X3O9', 'CP1', 'DATA', 1, '2025-05-15 16:20:51', '2025-05-15 16:20:51'),
(7, 'Zahidi', 'Salma', 'charlie.mosciski@example.org', 'JCYEFXQ8XG', 'CP1', 'DATA', 1, '2025-05-15 16:20:51', '2025-05-15 16:20:51'),
(9, 'nechda', 'Salma', 'stevie58@example.net', 'BB3456678', 'TDIA1', 'TDIA', 1, '2025-05-15 16:20:51', '2025-05-23 13:01:25'),
(10, 'nechda', 'aymen', 'ayden.gislason@example.com', 'K85ZTUCJ1B', 'CP1', 'TDIA', 1, '2025-05-15 16:20:51', '2025-05-23 13:05:43'),
(11, 'Moujahid', 'Sara', 'swift.marta@example.org', 'QROJFXAEVZ', 'CP1', 'DATA', 1, '2025-05-15 16:20:51', '2025-05-15 16:20:51'),
(13, 'Tahiri', 'Youssef', 'christy85@example.net', 'B4ZBA08MBM', 'CP1', 'DATA', 1, '2025-05-15 16:20:51', '2025-05-15 16:20:51'),
(14, 'Tahiri', 'Rania', 'genoveva10@example.net', 'FGF9BDMPWU', 'CP1', 'TDIA', 1, '2025-05-15 16:20:51', '2025-05-15 16:20:51'),
(16, 'Zahidi', 'Mohamed', 'lhoeger@example.org', 'QQFI4FTA23', 'CP1', 'TDIA', 1, '2025-05-15 16:20:51', '2025-05-15 16:20:51'),
(17, 'El Amrani', 'Sara', 'zfeeney@example.org', 'QPEGAFURCK', 'CP1', 'DATA', 1, '2025-05-15 16:20:51', '2025-05-15 16:20:51'),
(18, 'menouar', 'Ismail', 'alexys94@example.net', 'ZTEW9UWP5D', 'CP1', 'DATA', 1, '2025-05-15 16:20:51', '2025-05-15 16:20:51'),
(19, 'menouar', 'Mohamed', 'ellen.grant@example.com', 'KCZIOA4LTE', 'CP1', 'DATA', 1, '2025-05-15 16:20:51', '2025-05-15 16:20:51'),
(20, 'Moujahid', 'Ismail', 'ghomenick@example.net', 'UYTJ7O2I40', 'CP1', 'TDIA', 1, '2025-05-15 16:20:51', '2025-05-15 16:20:51'),
(21, 'El Amrani', 'Omar', 'zulauf.fidel@example.org', 'YQGZ4IPMFW', 'CP2', 'DATA', 2, '2025-05-15 16:20:52', '2025-05-15 16:20:52'),
(22, 'dadda', 'Omar', 'chelsea.sawayn@example.net', 'R9HCBSER62', 'CP2', 'TDIA', 2, '2025-05-15 16:20:52', '2025-05-15 16:20:52'),
(23, 'El Amrani', 'Youssef', 'kacey04@example.com', 'TSAK0X0WNM', 'CP2', 'DATA', 2, '2025-05-15 16:20:52', '2025-05-15 16:20:52'),
(24, 'menouar', 'Youssef', 'lyda.dietrich@example.org', 'SHSAP5A0OU', 'CP2', 'TDIA', 2, '2025-05-15 16:20:52', '2025-05-15 16:20:52'),
(25, 'dadda', 'Rania', 'zhayes@example.com', 'ZTEHYP8KEB', 'CP2', 'TDIA', 2, '2025-05-15 16:20:52', '2025-05-15 16:20:52'),
(26, 'Bencheikh', 'Salma', 'ylittel@example.net', 'YFKCQYABG8', 'CP2', 'DATA', 2, '2025-05-15 16:20:52', '2025-05-15 16:20:52'),
(27, 'El Amrani', 'Salma', 'wuckert.jadyn@example.net', 'HKDIQQNXTN', 'CP2', 'TDIA', 2, '2025-05-15 16:20:52', '2025-05-15 16:20:52'),
(28, 'Moujahid', 'Rania', 'labadie.alena@example.net', 'T8LPPGZLZP', 'CP2', 'DATA', 2, '2025-05-15 16:20:52', '2025-05-15 16:20:52'),
(29, 'Bennani', 'Salma', 'makenna.okon@example.org', 'M8UI4IRARD', 'CP2', 'TDIA', 2, '2025-05-15 16:20:52', '2025-05-15 16:20:52'),
(30, 'Tahiri', 'Ismail', 'dudley.cormier@example.org', 'WCKASEOWRY', 'CP2', 'TDIA', 2, '2025-05-15 16:20:52', '2025-05-15 16:20:52'),
(31, 'Qachach', 'Youssef', 'loy.hill@example.org', 'JDYXTLL4KC', 'CP2', 'DATA', 2, '2025-05-15 16:20:52', '2025-05-15 16:20:52'),
(33, 'menouar', 'Aya', 'nstehr@example.com', 'H54OOQU9KZ', 'CP2', 'DATA', 2, '2025-05-15 16:20:52', '2025-05-15 16:20:52'),
(34, 'oubrhou', 'chahd', 'chahd@example.com', 'YG8UIWNJ0J', 'CP2', 'DATA', 2, '2025-05-15 16:20:52', '2025-05-15 21:10:33'),
(35, 'Qachach', 'Imane', 'kunde.lourdes@example.org', 'ILERAO6MNJ', 'CP2', 'DATA', 2, '2025-05-15 16:20:52', '2025-05-15 16:20:52'),
(36, 'nechda', 'Youssef', 'iheathcote@example.com', 'UA0TEROZSP', 'CP2', 'DATA', 2, '2025-05-15 16:20:52', '2025-05-15 16:20:52'),
(37, 'Moujahid', 'Zakaria', 'ryan.destin@example.com', 'JDYJ5BPSHN', 'CP2', 'TDIA', 2, '2025-05-15 16:20:52', '2025-05-15 16:20:52'),
(38, 'dadda', 'Zakaria', 'walsh.shaylee@example.org', 'LBIKDZ3BDL', 'CP2', 'DATA', 2, '2025-05-15 16:20:52', '2025-05-15 16:20:52'),
(39, 'Zahidi', 'Imane', 'angelo.grady@example.org', 'FWKOKCVQXS', 'CP2', 'TDIA', 2, '2025-05-15 16:20:52', '2025-05-15 16:20:52'),
(40, 'Bencheikh', 'Rania', 'lyla.oberbrunner@example.com', 'ZY8AMXOLDD', 'TDIA1', 'DATA', 2, '2025-05-15 16:20:52', '2025-05-20 13:40:39'),
(41, 'Qachach', 'Rania', 'dietrich.watson@example.org', 'QNOI2L6CE8', 'DATA1', 'TDIA', 3, '2025-05-15 16:20:52', '2025-05-15 16:20:52'),
(42, 'El Amrani', 'Imane', 'sarai.gutkowski@example.org', 'ULCOPKS7PR', 'DATA1', 'TDIA', 3, '2025-05-15 16:20:52', '2025-05-15 16:20:52'),
(43, 'Qachach', 'Aya', 'enid.ortiz@example.net', '6XZRYDK0YD', 'DATA1', 'DATA', 3, '2025-05-15 16:20:52', '2025-05-15 16:20:52'),
(44, 'Tahiri', 'Aya', 'dallin.bechtelar@example.net', 'PPX7SOUW7N', 'DATA1', 'DATA', 3, '2025-05-15 16:20:52', '2025-05-15 16:20:52'),
(45, 'Tahiri', 'Omar', 'lucienne.kuphal@example.com', 'OOLLLVDZ4T', 'DATA1', 'DATA', 3, '2025-05-15 16:20:52', '2025-05-15 16:20:52'),
(46, 'menouar', 'Imane', 'veum.savanah@example.org', 'VFZ79TYYJN', 'DATA1', 'DATA', 3, '2025-05-15 16:20:52', '2025-05-15 16:20:52'),
(47, 'El Amrani', 'Rania', 'goodwin.eliseo@example.org', 'EVADATJ3GZ', 'DATA1', 'TDIA', 3, '2025-05-15 16:20:52', '2025-05-15 16:20:52'),
(48, 'Qachach', 'Omar', 'torp.ashly@example.org', 'KLPCXFHQLB', 'DATA1', 'DATA', 3, '2025-05-15 16:20:52', '2025-05-15 16:20:52'),
(49, 'dadda', 'Aya', 'damaris.moore@example.org', 'RNNXZ6WRRO', 'DATA1', 'DATA', 3, '2025-05-15 16:20:52', '2025-05-15 16:20:52'),
(50, 'Moujahid', 'Omar', 'adriana.mann@example.org', 'UWIGKZ1FYE', 'DATA1', 'DATA', 3, '2025-05-15 16:20:52', '2025-05-15 16:20:52'),
(51, 'Moujahid', 'Imane', 'trunolfsdottir@example.org', 'BU4AZKUWXS', 'DATA1', 'DATA', 3, '2025-05-15 16:20:52', '2025-05-15 16:20:52'),
(52, 'nechda', 'Mohamed', 'alfredo06@example.net', 'ULWCIYHC00', 'CP2', 'DATA', 3, '2025-05-15 16:20:52', '2025-05-23 12:57:18'),
(53, 'Tahiri', 'Salma', 'hmiller@example.net', '0DQC59HXXR', 'DATA1', 'DATA', 3, '2025-05-15 16:20:52', '2025-05-15 16:20:52'),
(54, 'Zahidi', 'Omar', 'ucrooks@example.org', '20YBGBMCAE', 'DATA1', 'DATA', 3, '2025-05-15 16:20:52', '2025-05-15 16:20:52'),
(55, 'menouar', 'Omar', 'bergstrom.madalyn@example.net', 'G01P9UHG91', 'DATA1', 'TDIA', 3, '2025-05-15 16:20:52', '2025-05-15 16:20:52'),
(56, 'Zahidi', 'Aya', 'kory53@example.com', 'OJRRKFT7GP', 'DATA1', 'DATA', 3, '2025-05-15 16:20:52', '2025-05-15 16:20:52'),
(57, 'Bencheikh', 'Youssef', 'ikessler@example.org', 'TKHJKKNHJA', 'DATA1', 'DATA', 3, '2025-05-15 16:20:52', '2025-05-15 16:20:52'),
(58, 'Qachach', 'Sara', 'dking@example.com', 'TMJ28M5PLA', 'DATA1', 'TDIA', 3, '2025-05-15 16:20:52', '2025-05-15 16:20:52'),
(59, 'Zahidi', 'Rania', 'april18@example.net', 'T7WPS4QOSQ', 'DATA1', 'TDIA', 3, '2025-05-15 16:20:52', '2025-05-15 16:20:52'),
(60, 'dadda', 'Salma', 'becker.cheyenne@example.org', 'PZ5IW2VZSW', 'DATA1', 'DATA', 3, '2025-05-15 16:20:52', '2025-05-15 16:20:52'),
(61, 'nechda', 'Zakaria', 'sandra.hahn@example.com', 'CACETNIWHJ', 'TDIA1', 'DATA', 4, '2025-05-15 16:20:52', '2025-05-15 16:20:52'),
(63, 'Zahidi', 'Youssef', 'ubahringer@example.com', 'A1SHBHT8U1', 'TDIA1', 'TDIA', 4, '2025-05-15 16:20:52', '2025-05-15 16:20:52'),
(64, 'Bennani', 'Mohamed', 'kristian41@example.org', 'PLGHSFFOWF', 'TDIA1', 'DATA', 4, '2025-05-15 16:20:52', '2025-05-15 16:20:52'),
(65, 'nechda', 'Ismail', 'jennings.hudson@example.net', 'HBYN3I3FMB', 'TDIA1', 'TDIA', 4, '2025-05-15 16:20:52', '2025-05-15 16:20:52'),
(66, 'nechda', 'Omar', 'concepcion.oconner@example.org', 'GVAXBICTAF', 'TDIA1', 'DATA', 4, '2025-05-15 16:20:52', '2025-05-15 16:20:52'),
(67, 'dadda', 'Imane', 'blick.wilber@example.org', 'GRA5E2AZY1', 'TDIA1', 'TDIA', 4, '2025-05-15 16:20:52', '2025-05-15 16:20:52'),
(68, 'Zahidi', 'Ismail', 'lockman.emil@example.com', 'EAV1ISWGBZ', 'TDIA1', 'DATA', 4, '2025-05-15 16:20:52', '2025-05-15 16:20:52'),
(69, 'Bennani', 'Zakaria', 'theaney@example.org', '6RMSMIVKEZ', 'TDIA1', 'DATA', 4, '2025-05-15 16:20:52', '2025-05-15 16:20:52'),
(70, 'Qachach', 'Zakaria', 'kbogan@example.com', 'FY3NHB0VDF', 'TDIA1', 'DATA', 4, '2025-05-15 16:20:52', '2025-05-15 16:20:52'),
(71, 'dadda', 'Youssef', 'carissa27@example.com', 'DMGL7RV17V', 'TDIA1', 'DATA', 4, '2025-05-15 16:20:52', '2025-05-15 16:20:52'),
(72, 'Tahiri', 'Zakaria', 'tristian66@example.org', 'A9OFJDLC7V', 'TDIA1', 'DATA', 4, '2025-05-15 16:20:52', '2025-05-15 16:20:52'),
(73, 'El Amrani', 'Ismail', 'smitham.loraine@example.net', 'R16WO7UBRH', 'TDIA1', 'DATA', 4, '2025-05-15 16:20:52', '2025-05-15 16:20:52'),
(75, 'nechda', 'Aya', 'koelpin.asha@example.com', 'KABBZYX24P', 'TDIA1', 'DATA', 4, '2025-05-15 16:20:52', '2025-05-15 16:20:52'),
(76, 'El Amrani', 'Mohamed', 'kshlerin.violette@example.net', 'QNDBKVALXZ', 'TDIA1', 'TDIA', 4, '2025-05-15 16:20:52', '2025-05-15 16:20:52'),
(77, 'Bencheikh', 'Aya', 'runte.marcus@example.org', 'OZ2IZ6NJSQ', 'TDIA1', 'TDIA', 4, '2025-05-15 16:20:52', '2025-05-15 16:20:52'),
(78, 'Moujahid', 'Salma', 'mertie.borer@example.net', 'XRGJYKYQUO', 'TDIA1', 'DATA', 4, '2025-05-15 16:20:52', '2025-05-15 16:20:52'),
(79, 'Qachach', 'Salma', 'thowell@example.org', 'SCR1UQWB9I', 'TDIA1', 'TDIA', 4, '2025-05-15 16:20:52', '2025-05-15 16:20:52'),
(80, 'menouar', 'chaima', 'olen.krajcik@example.com', 'TOCPJKRRLB', 'TDIA1', 'TDIA', 4, '2025-05-15 16:20:52', '2025-05-21 09:22:19'),
(81, 'mokwvena', 'moki', 'mo@gmail.com', 'bn456778', 'DATA1', NULL, NULL, '2025-05-16 16:11:15', '2025-05-16 16:11:15'),
(82, 'ness', 'youness', 'youyou@gmail.com', 'hh736354', 'TDIA1', NULL, NULL, '2025-05-16 16:17:36', '2025-05-16 16:17:36'),
(83, 'ness', 'soussou', 'hggh@ghh.hh', 'bfgdeu', 'CP2', NULL, NULL, '2025-05-16 16:23:34', '2025-05-16 16:23:34'),
(84, 'hhhhhh', 'hhhihhh', 'hhh2gffff@barcaa', 'bvvfrc77777', 'DATA1', NULL, NULL, '2025-05-16 16:32:10', '2025-05-16 16:32:10'),
(85, 'salman', 'wissal', 'wissal@gmail.com', 'vvvvvvvvvv', 'DATA1', NULL, NULL, '2025-05-16 21:43:07', '2025-05-16 21:43:07'),
(86, 'salma', 'salox', 'salm@ggg.jjj', 'ggttff66', 'TDIA1', NULL, NULL, '2025-05-21 21:42:13', '2025-05-21 21:42:13'),
(87, 'zouhair', 'ramid', 'zou@gmail.com', 'hhhhyytttrr', 'CP1', NULL, NULL, '2025-05-22 10:52:45', '2025-05-22 10:52:45');

-- --------------------------------------------------------

--
-- Structure de la table `failed_jobs`
--

CREATE TABLE `failed_jobs` (
  `id` bigint(20) UNSIGNED NOT NULL,
  `uuid` varchar(255) NOT NULL,
  `connection` text NOT NULL,
  `queue` text NOT NULL,
  `payload` longtext NOT NULL,
  `exception` longtext NOT NULL,
  `failed_at` timestamp NOT NULL DEFAULT current_timestamp()
) ENGINE=InnoDB DEFAULT CHARSET=utf8mb4 COLLATE=utf8mb4_unicode_ci;

-- --------------------------------------------------------

--
-- Structure de la table `matieres`
--

CREATE TABLE `matieres` (
  `id` bigint(20) UNSIGNED NOT NULL,
  `nom` varchar(255) NOT NULL,
  `code` varchar(255) NOT NULL,
  `semestre` varchar(255) NOT NULL,
  `classe_id` bigint(20) UNSIGNED NOT NULL,
  `created_at` timestamp NULL DEFAULT NULL,
  `updated_at` timestamp NULL DEFAULT NULL,
  `niveau` varchar(255) DEFAULT NULL
) ENGINE=InnoDB DEFAULT CHARSET=utf8mb4 COLLATE=utf8mb4_unicode_ci;

--
-- Déchargement des données de la table `matieres`
--

INSERT INTO `matieres` (`id`, `nom`, `code`, `semestre`, `classe_id`, `created_at`, `updated_at`, `niveau`) VALUES
(1, 'Mathématiques générales', 'MAT691', '1', 1, '2025-05-15 16:20:51', '2025-05-15 16:20:51', 'CP1'),
(2, 'Physique I', 'PHY776', '1', 1, '2025-05-15 16:20:51', '2025-05-15 16:20:51', 'CP1'),
(3, 'Chimie', 'CHI403', '1', 1, '2025-05-15 16:20:51', '2025-05-15 16:20:51', 'CP1'),
(4, 'Algorithmique', 'ALG321', '1', 1, '2025-05-15 16:20:51', '2025-05-15 16:20:51', 'CP1'),
(5, 'Intro info', 'INT193', '1', 1, '2025-05-15 16:20:51', '2025-05-15 16:20:51', 'CP1'),
(6, 'Expression écrite', 'EXP193', '1', 1, '2025-05-15 16:20:52', '2025-05-15 16:20:52', 'CP1'),
(7, 'Méthodologie', 'Mé410', '1', 1, '2025-05-15 16:20:52', '2025-05-15 16:20:52', 'CP1'),
(8, 'Analyse', 'ANA673', '1', 2, '2025-05-15 16:20:52', '2025-05-15 16:20:52', 'CP2'),
(9, 'Physique II', 'PHY314', '1', 2, '2025-05-15 16:20:52', '2025-05-15 16:20:52', 'CP2'),
(10, 'POO Java', 'POO509', '1', 2, '2025-05-15 16:20:52', '2025-05-15 16:20:52', 'CP2'),
(11, 'Statistiques', 'STA279', '1', 2, '2025-05-15 16:20:52', '2025-05-15 16:20:52', 'CP2'),
(12, 'Électronique', 'ÉL409', '1', 2, '2025-05-15 16:20:52', '2025-05-15 16:20:52', 'CP2'),
(13, 'Communication', 'COM992', '1', 2, '2025-05-15 16:20:52', '2025-05-15 16:20:52', 'CP2'),
(14, 'Structure Ordinateur', 'STR820', '1', 2, '2025-05-15 16:20:52', '2025-05-15 16:20:52', 'CP2'),
(15, 'ML', 'ML899', '1', 3, '2025-05-15 16:20:52', '2025-05-15 16:20:52', 'DATA1'),
(16, 'Big Data', 'BIG643', '1', 3, '2025-05-15 16:20:52', '2025-05-15 16:20:52', 'DATA1'),
(17, 'Stats avancées', 'STA562', '1', 3, '2025-05-15 16:20:52', '2025-05-15 16:20:52', 'DATA1'),
(18, 'Python DS', 'PYT832', '1', 3, '2025-05-15 16:20:52', '2025-05-15 16:20:52', 'DATA1'),
(19, 'DataViz', 'DAT350', '1', 3, '2025-05-15 16:20:52', '2025-05-15 16:20:52', 'DATA1'),
(20, 'Syst. distribué', 'SYS126', '1', 3, '2025-05-15 16:20:52', '2025-05-15 16:20:52', 'DATA1'),
(21, 'Analyse données', 'ANA817', '1', 3, '2025-05-15 16:20:52', '2025-05-15 16:20:52', 'DATA1'),
(22, 'Web avancé', 'WEB205', '1', 4, '2025-05-15 16:20:52', '2025-05-15 16:20:52', 'TDIA1'),
(23, 'Cloud', 'CLO506', '1', 4, '2025-05-15 16:20:52', '2025-05-15 16:20:52', 'TDIA1'),
(24, 'Réseaux', 'Ré744', '1', 4, '2025-05-15 16:20:52', '2025-05-15 16:20:52', 'TDIA1'),
(25, 'DevOps', 'DEV668', '1', 4, '2025-05-15 16:20:52', '2025-05-15 16:20:52', 'TDIA1'),
(26, 'Cybersécurité', 'CYB400', '1', 4, '2025-05-15 16:20:52', '2025-05-15 16:20:52', 'TDIA1'),
(27, 'BDD avancée', 'BDD867', '1', 4, '2025-05-15 16:20:52', '2025-05-15 16:20:52', 'TDIA1'),
(28, 'Laravel', 'LAR113', '1', 4, '2025-05-15 16:20:52', '2025-05-15 16:20:52', 'TDIA1');

-- --------------------------------------------------------

--
-- Structure de la table `migrations`
--

CREATE TABLE `migrations` (
  `id` int(10) UNSIGNED NOT NULL,
  `migration` varchar(255) NOT NULL,
  `batch` int(11) NOT NULL
) ENGINE=InnoDB DEFAULT CHARSET=utf8mb4 COLLATE=utf8mb4_unicode_ci;

--
-- Déchargement des données de la table `migrations`
--

INSERT INTO `migrations` (`id`, `migration`, `batch`) VALUES
(1, '2014_10_12_000000_create_users_table', 1),
(2, '2014_10_12_100000_create_password_resets_table', 1),
(3, '2019_08_19_000000_create_failed_jobs_table', 1),
(4, '2019_12_14_000001_create_personal_access_tokens_table', 1),
(5, '2025_04_25_231742_create_enseignants_table', 1),
(6, '2025_04_25_233000_create_classes_table', 1),
(7, '2025_04_25_233130_create_etudiants_table', 1),
(8, '2025_04_26_011046_create_matieres_table', 1),
(9, '2025_04_26_011324_create_notes_table', 1),
(10, '2025_04_26_011623_create_salles_table', 1),
(11, '2025_05_05_163135_add_niveau_to_matieres_table', 1),
(12, '2025_05_14_195614_create_surveillants_table', 1),
(13, '2025_05_15_010019_make_classe_id_nullable_in_etudiants_table', 1),
(14, '2025_05_15_012945_remove_filiere_from_etudiants_table', 1),
(15, '2025_05_15_015502_make_classe_id_nullable_in_etudiants_table', 1),
(16, '2025_05_15_020324_fix_classe_id_nullable_in_etudiants_table', 1),
(17, '2025_05_15_171851_create_convocations_table', 1),
(18, '2025_05_15_172639_add_nom_to_salles_table', 2),
(19, '2025_05_15_203356_add_salle_id_to_convocations_table', 3),
(20, '2025_05_15_211649_add_missing_fields_to_convocations_table', 4);

-- --------------------------------------------------------

--
-- Structure de la table `notes`
--

CREATE TABLE `notes` (
  `id` bigint(20) UNSIGNED NOT NULL,
  `etudiant_id` bigint(20) UNSIGNED NOT NULL,
  `matiere_id` bigint(20) UNSIGNED NOT NULL,
  `valeur` double(8,2) DEFAULT NULL,
  `created_at` timestamp NULL DEFAULT NULL,
  `updated_at` timestamp NULL DEFAULT NULL
) ENGINE=InnoDB DEFAULT CHARSET=utf8mb4 COLLATE=utf8mb4_unicode_ci;

--
-- Déchargement des données de la table `notes`
--

INSERT INTO `notes` (`id`, `etudiant_id`, `matiere_id`, `valeur`, `created_at`, `updated_at`) VALUES
(1, 1, 1, 20.00, '2025-05-15 16:20:52', '2025-05-23 13:02:06'),
(2, 1, 2, 20.00, '2025-05-15 16:20:52', '2025-05-23 13:02:06'),
(3, 1, 3, 20.00, '2025-05-15 16:20:52', '2025-05-23 13:02:06'),
(4, 1, 4, 20.00, '2025-05-15 16:20:52', '2025-05-23 13:02:06'),
(5, 1, 5, 15.19, '2025-05-15 16:20:52', '2025-05-15 16:20:52'),
(6, 1, 6, 17.05, '2025-05-15 16:20:52', '2025-05-15 16:20:52'),
(7, 1, 7, 8.65, '2025-05-15 16:20:52', '2025-05-15 16:20:52'),
(8, 2, 1, 14.19, '2025-05-15 16:20:52', '2025-05-15 16:20:52'),
(9, 2, 2, 13.76, '2025-05-15 16:20:52', '2025-05-15 16:20:52'),
(10, 2, 3, 10.45, '2025-05-15 16:20:52', '2025-05-15 16:20:52'),
(11, 2, 4, 16.31, '2025-05-15 16:20:52', '2025-05-15 16:20:52'),
(12, 2, 5, 8.66, '2025-05-15 16:20:52', '2025-05-15 16:20:52'),
(13, 2, 6, 12.80, '2025-05-15 16:20:52', '2025-05-15 16:20:52'),
(14, 2, 7, 12.11, '2025-05-15 16:20:52', '2025-05-15 16:20:52'),
(15, 3, 1, 16.45, '2025-05-15 16:20:52', '2025-05-15 16:20:52'),
(16, 3, 2, 14.11, '2025-05-15 16:20:52', '2025-05-15 16:20:52'),
(17, 3, 3, 8.88, '2025-05-15 16:20:52', '2025-05-15 16:20:52'),
(18, 3, 4, 10.10, '2025-05-15 16:20:52', '2025-05-15 16:20:52'),
(19, 3, 5, 14.25, '2025-05-15 16:20:52', '2025-05-15 16:20:52'),
(20, 3, 6, 17.56, '2025-05-15 16:20:52', '2025-05-15 16:20:52'),
(21, 3, 7, 11.14, '2025-05-15 16:20:52', '2025-05-15 16:20:52'),
(22, 4, 1, 10.30, '2025-05-15 16:20:52', '2025-05-15 16:20:52'),
(23, 4, 2, 9.10, '2025-05-15 16:20:52', '2025-05-15 16:20:52'),
(24, 4, 3, 10.10, '2025-05-15 16:20:52', '2025-05-15 16:20:52'),
(25, 4, 4, 11.59, '2025-05-15 16:20:52', '2025-05-15 16:20:52'),
(26, 4, 5, 12.19, '2025-05-15 16:20:52', '2025-05-15 16:20:52'),
(27, 4, 6, 13.99, '2025-05-15 16:20:52', '2025-05-15 16:20:52'),
(28, 4, 7, 17.37, '2025-05-15 16:20:52', '2025-05-15 16:20:52'),
(29, 5, 1, 8.44, '2025-05-15 16:20:52', '2025-05-15 16:20:52'),
(30, 5, 2, 17.78, '2025-05-15 16:20:52', '2025-05-15 16:20:52'),
(31, 5, 3, 10.47, '2025-05-15 16:20:52', '2025-05-15 16:20:52'),
(32, 5, 4, 13.87, '2025-05-15 16:20:52', '2025-05-15 16:20:52'),
(33, 5, 5, 13.53, '2025-05-15 16:20:52', '2025-05-15 16:20:52'),
(34, 5, 6, 11.60, '2025-05-15 16:20:52', '2025-05-15 16:20:52'),
(35, 5, 7, 13.86, '2025-05-15 16:20:52', '2025-05-15 16:20:52'),
(36, 6, 1, 12.95, '2025-05-15 16:20:52', '2025-05-15 16:20:52'),
(37, 6, 2, 12.36, '2025-05-15 16:20:52', '2025-05-15 16:20:52'),
(38, 6, 3, 9.13, '2025-05-15 16:20:52', '2025-05-15 16:20:52'),
(39, 6, 4, 8.81, '2025-05-15 16:20:52', '2025-05-15 16:20:52'),
(40, 6, 5, 10.47, '2025-05-15 16:20:52', '2025-05-15 16:20:52'),
(41, 6, 6, 15.33, '2025-05-15 16:20:52', '2025-05-15 16:20:52'),
(42, 6, 7, 10.95, '2025-05-15 16:20:52', '2025-05-15 16:20:52'),
(43, 7, 1, 9.83, '2025-05-15 16:20:52', '2025-05-15 16:20:52'),
(44, 7, 2, 16.57, '2025-05-15 16:20:52', '2025-05-15 16:20:52'),
(45, 7, 3, 15.80, '2025-05-15 16:20:52', '2025-05-15 16:20:52'),
(46, 7, 4, 12.63, '2025-05-15 16:20:52', '2025-05-15 16:20:52'),
(47, 7, 5, 13.10, '2025-05-15 16:20:52', '2025-05-15 16:20:52'),
(48, 7, 6, 11.75, '2025-05-15 16:20:52', '2025-05-15 16:20:52'),
(49, 7, 7, 12.28, '2025-05-15 16:20:52', '2025-05-15 16:20:52'),
(57, 9, 1, 2.00, '2025-05-15 16:20:52', '2025-05-22 14:30:02'),
(58, 9, 2, 6.00, '2025-05-15 16:20:52', '2025-05-22 14:30:02'),
(59, 9, 3, 3.00, '2025-05-15 16:20:52', '2025-05-22 14:30:02'),
(60, 9, 4, 8.00, '2025-05-15 16:20:52', '2025-05-22 14:30:02'),
(61, 9, 5, 7.00, '2025-05-15 16:20:52', '2025-05-22 14:30:03'),
(62, 9, 6, 9.00, '2025-05-15 16:20:52', '2025-05-22 14:30:03'),
(63, 9, 7, 8.00, '2025-05-15 16:20:52', '2025-05-22 14:30:03'),
(64, 10, 1, 17.60, '2025-05-15 16:20:52', '2025-05-15 16:20:52'),
(65, 10, 2, 10.95, '2025-05-15 16:20:52', '2025-05-15 16:20:52'),
(66, 10, 3, 13.58, '2025-05-15 16:20:52', '2025-05-15 16:20:52'),
(67, 10, 4, 17.86, '2025-05-15 16:20:52', '2025-05-15 16:20:52'),
(68, 10, 5, 9.13, '2025-05-15 16:20:52', '2025-05-15 16:20:52'),
(69, 10, 6, 10.48, '2025-05-15 16:20:52', '2025-05-15 16:20:52'),
(70, 10, 7, 12.67, '2025-05-15 16:20:52', '2025-05-15 16:20:52'),
(71, 11, 1, 13.00, '2025-05-15 16:20:52', '2025-05-15 16:20:52'),
(72, 11, 2, 8.25, '2025-05-15 16:20:52', '2025-05-15 16:20:52'),
(73, 11, 3, 15.89, '2025-05-15 16:20:52', '2025-05-15 16:20:52'),
(74, 11, 4, 15.87, '2025-05-15 16:20:52', '2025-05-15 16:20:52'),
(75, 11, 5, 15.00, '2025-05-15 16:20:52', '2025-05-15 16:20:52'),
(76, 11, 6, 13.55, '2025-05-15 16:20:52', '2025-05-15 16:20:52'),
(77, 11, 7, 8.36, '2025-05-15 16:20:52', '2025-05-15 16:20:52'),
(85, 13, 1, 14.46, '2025-05-15 16:20:52', '2025-05-15 16:20:52'),
(86, 13, 2, 15.88, '2025-05-15 16:20:52', '2025-05-15 16:20:52'),
(87, 13, 3, 12.36, '2025-05-15 16:20:52', '2025-05-15 16:20:52'),
(88, 13, 4, 13.55, '2025-05-15 16:20:52', '2025-05-15 16:20:52'),
(89, 13, 5, 14.02, '2025-05-15 16:20:52', '2025-05-15 16:20:52'),
(90, 13, 6, 9.16, '2025-05-15 16:20:52', '2025-05-15 16:20:52'),
(91, 13, 7, 8.55, '2025-05-15 16:20:52', '2025-05-15 16:20:52'),
(92, 14, 1, 13.57, '2025-05-15 16:20:52', '2025-05-15 16:20:52'),
(93, 14, 2, 14.50, '2025-05-15 16:20:52', '2025-05-15 16:20:52'),
(94, 14, 3, 10.36, '2025-05-15 16:20:52', '2025-05-15 16:20:52'),
(95, 14, 4, 15.46, '2025-05-15 16:20:52', '2025-05-15 16:20:52'),
(96, 14, 5, 15.61, '2025-05-15 16:20:52', '2025-05-15 16:20:52'),
(97, 14, 6, 9.10, '2025-05-15 16:20:52', '2025-05-15 16:20:52'),
(98, 14, 7, 12.34, '2025-05-15 16:20:52', '2025-05-15 16:20:52'),
(106, 16, 1, 12.22, '2025-05-15 16:20:52', '2025-05-15 16:20:52'),
(107, 16, 2, 10.44, '2025-05-15 16:20:52', '2025-05-15 16:20:52'),
(108, 16, 3, 8.81, '2025-05-15 16:20:52', '2025-05-15 16:20:52'),
(109, 16, 4, 14.43, '2025-05-15 16:20:52', '2025-05-15 16:20:52'),
(110, 16, 5, 14.63, '2025-05-15 16:20:52', '2025-05-15 16:20:52'),
(111, 16, 6, 16.13, '2025-05-15 16:20:52', '2025-05-15 16:20:52'),
(112, 16, 7, 14.09, '2025-05-15 16:20:52', '2025-05-15 16:20:52'),
(113, 17, 1, 17.97, '2025-05-15 16:20:52', '2025-05-15 16:20:52'),
(114, 17, 2, 10.36, '2025-05-15 16:20:52', '2025-05-15 16:20:52'),
(115, 17, 3, 12.41, '2025-05-15 16:20:52', '2025-05-15 16:20:52'),
(116, 17, 4, 15.06, '2025-05-15 16:20:52', '2025-05-15 16:20:52'),
(117, 17, 5, 8.63, '2025-05-15 16:20:52', '2025-05-15 16:20:52'),
(118, 17, 6, 8.79, '2025-05-15 16:20:52', '2025-05-15 16:20:52'),
(119, 17, 7, 13.14, '2025-05-15 16:20:52', '2025-05-15 16:20:52'),
(120, 18, 1, 12.74, '2025-05-15 16:20:52', '2025-05-15 16:20:52'),
(121, 18, 2, 15.47, '2025-05-15 16:20:52', '2025-05-15 16:20:52'),
(122, 18, 3, 10.57, '2025-05-15 16:20:52', '2025-05-15 16:20:52'),
(123, 18, 4, 13.96, '2025-05-15 16:20:52', '2025-05-15 16:20:52'),
(124, 18, 5, 17.15, '2025-05-15 16:20:52', '2025-05-15 16:20:52'),
(125, 18, 6, 11.86, '2025-05-15 16:20:52', '2025-05-15 16:20:52'),
(126, 18, 7, 16.97, '2025-05-15 16:20:52', '2025-05-15 16:20:52'),
(127, 19, 1, 17.05, '2025-05-15 16:20:52', '2025-05-15 16:20:52'),
(128, 19, 2, 13.06, '2025-05-15 16:20:52', '2025-05-15 16:20:52'),
(129, 19, 3, 13.46, '2025-05-15 16:20:52', '2025-05-15 16:20:52'),
(130, 19, 4, 10.47, '2025-05-15 16:20:52', '2025-05-15 16:20:52'),
(131, 19, 5, 11.00, '2025-05-15 16:20:52', '2025-05-15 16:20:52'),
(132, 19, 6, 16.70, '2025-05-15 16:20:52', '2025-05-15 16:20:52'),
(133, 19, 7, 17.33, '2025-05-15 16:20:52', '2025-05-15 16:20:52'),
(134, 20, 1, 14.17, '2025-05-15 16:20:52', '2025-05-15 16:20:52'),
(135, 20, 2, 16.91, '2025-05-15 16:20:52', '2025-05-15 16:20:52'),
(136, 20, 3, 14.95, '2025-05-15 16:20:52', '2025-05-15 16:20:52'),
(137, 20, 4, 16.72, '2025-05-15 16:20:52', '2025-05-15 16:20:52'),
(138, 20, 5, 16.91, '2025-05-15 16:20:52', '2025-05-15 16:20:52'),
(139, 20, 6, 8.29, '2025-05-15 16:20:52', '2025-05-15 16:20:52'),
(140, 20, 7, 8.40, '2025-05-15 16:20:52', '2025-05-15 16:20:52'),
(141, 21, 8, 12.99, '2025-05-15 16:20:52', '2025-05-17 00:29:13'),
(142, 21, 9, 16.19, '2025-05-15 16:20:52', '2025-05-15 16:20:52'),
(143, 21, 10, 16.25, '2025-05-15 16:20:52', '2025-05-15 16:20:52'),
(144, 21, 11, 10.07, '2025-05-15 16:20:52', '2025-05-15 16:20:52'),
(145, 21, 12, 10.27, '2025-05-15 16:20:52', '2025-05-15 16:20:52'),
(146, 21, 13, 13.71, '2025-05-15 16:20:52', '2025-05-15 16:20:52'),
(147, 21, 14, 15.46, '2025-05-15 16:20:52', '2025-05-15 16:20:52'),
(148, 22, 8, 8.19, '2025-05-15 16:20:52', '2025-05-15 16:20:52'),
(149, 22, 9, 16.02, '2025-05-15 16:20:52', '2025-05-15 16:20:52'),
(150, 22, 10, 14.70, '2025-05-15 16:20:52', '2025-05-20 13:41:48'),
(151, 22, 11, 16.11, '2025-05-15 16:20:52', '2025-05-15 16:20:52'),
(152, 22, 12, 1.00, '2025-05-15 16:20:52', '2025-05-20 13:41:48'),
(153, 22, 13, 8.17, '2025-05-15 16:20:52', '2025-05-15 16:20:52'),
(154, 22, 14, 16.31, '2025-05-15 16:20:52', '2025-05-15 16:20:52'),
(155, 23, 8, 15.47, '2025-05-15 16:20:52', '2025-05-15 16:20:52'),
(156, 23, 9, 12.91, '2025-05-15 16:20:52', '2025-05-15 16:20:52'),
(157, 23, 10, 13.13, '2025-05-15 16:20:52', '2025-05-15 16:20:52'),
(158, 23, 11, 11.03, '2025-05-15 16:20:52', '2025-05-15 16:20:52'),
(159, 23, 12, 8.30, '2025-05-15 16:20:52', '2025-05-15 16:20:52'),
(160, 23, 13, 15.01, '2025-05-15 16:20:52', '2025-05-15 16:20:52'),
(161, 23, 14, 15.91, '2025-05-15 16:20:52', '2025-05-15 16:20:52'),
(162, 24, 8, 16.61, '2025-05-15 16:20:52', '2025-05-15 16:20:52'),
(163, 24, 9, 13.45, '2025-05-15 16:20:52', '2025-05-15 16:20:52'),
(164, 24, 10, 17.26, '2025-05-15 16:20:52', '2025-05-15 16:20:52'),
(165, 24, 11, 17.79, '2025-05-15 16:20:52', '2025-05-15 16:20:52'),
(166, 24, 12, 14.36, '2025-05-15 16:20:52', '2025-05-15 16:20:52'),
(167, 24, 13, 11.21, '2025-05-15 16:20:52', '2025-05-15 16:20:52'),
(168, 24, 14, 9.32, '2025-05-15 16:20:52', '2025-05-15 16:20:52'),
(169, 25, 8, 15.95, '2025-05-15 16:20:52', '2025-05-15 16:20:52'),
(170, 25, 9, 14.40, '2025-05-15 16:20:52', '2025-05-15 16:20:52'),
(171, 25, 10, 17.77, '2025-05-15 16:20:52', '2025-05-15 16:20:52'),
(172, 25, 11, 15.92, '2025-05-15 16:20:52', '2025-05-15 16:20:52'),
(173, 25, 12, 16.61, '2025-05-15 16:20:52', '2025-05-15 16:20:52'),
(174, 25, 13, 10.45, '2025-05-15 16:20:52', '2025-05-15 16:20:52'),
(175, 25, 14, 12.38, '2025-05-15 16:20:53', '2025-05-15 16:20:53'),
(176, 26, 8, 15.28, '2025-05-15 16:20:53', '2025-05-15 16:20:53'),
(177, 26, 9, 15.42, '2025-05-15 16:20:53', '2025-05-15 16:20:53'),
(178, 26, 10, 10.80, '2025-05-15 16:20:53', '2025-05-15 16:20:53'),
(179, 26, 11, 13.70, '2025-05-15 16:20:53', '2025-05-15 16:20:53'),
(180, 26, 12, 10.46, '2025-05-15 16:20:53', '2025-05-15 16:20:53'),
(181, 26, 13, 17.83, '2025-05-15 16:20:53', '2025-05-15 16:20:53'),
(182, 26, 14, 9.47, '2025-05-15 16:20:53', '2025-05-15 16:20:53'),
(183, 27, 8, 8.06, '2025-05-15 16:20:53', '2025-05-15 16:20:53'),
(184, 27, 9, 16.00, '2025-05-15 16:20:53', '2025-05-15 16:20:53'),
(185, 27, 10, 14.94, '2025-05-15 16:20:53', '2025-05-15 16:20:53'),
(186, 27, 11, 15.29, '2025-05-15 16:20:53', '2025-05-15 16:20:53'),
(187, 27, 12, 10.63, '2025-05-15 16:20:53', '2025-05-15 16:20:53'),
(188, 27, 13, 14.61, '2025-05-15 16:20:53', '2025-05-15 16:20:53'),
(189, 27, 14, 13.56, '2025-05-15 16:20:53', '2025-05-15 16:20:53'),
(190, 28, 8, 10.65, '2025-05-15 16:20:53', '2025-05-15 16:20:53'),
(191, 28, 9, 8.11, '2025-05-15 16:20:53', '2025-05-15 16:20:53'),
(192, 28, 10, 12.62, '2025-05-15 16:20:53', '2025-05-15 16:20:53'),
(193, 28, 11, 15.37, '2025-05-15 16:20:53', '2025-05-15 16:20:53'),
(194, 28, 12, 13.20, '2025-05-15 16:20:53', '2025-05-15 16:20:53'),
(195, 28, 13, 10.61, '2025-05-15 16:20:53', '2025-05-15 16:20:53'),
(196, 28, 14, 15.89, '2025-05-15 16:20:53', '2025-05-15 16:20:53'),
(197, 29, 8, 15.45, '2025-05-15 16:20:53', '2025-05-15 16:20:53'),
(198, 29, 9, 8.86, '2025-05-15 16:20:53', '2025-05-15 16:20:53'),
(199, 29, 10, 13.91, '2025-05-15 16:20:53', '2025-05-15 16:20:53'),
(200, 29, 11, 10.99, '2025-05-15 16:20:53', '2025-05-15 16:20:53'),
(201, 29, 12, 12.91, '2025-05-15 16:20:53', '2025-05-15 16:20:53'),
(202, 29, 13, 15.31, '2025-05-15 16:20:53', '2025-05-15 16:20:53'),
(203, 29, 14, 11.56, '2025-05-15 16:20:53', '2025-05-15 16:20:53'),
(204, 30, 8, 13.30, '2025-05-15 16:20:53', '2025-05-15 16:20:53'),
(205, 30, 9, 17.61, '2025-05-15 16:20:53', '2025-05-15 16:20:53'),
(206, 30, 10, 15.84, '2025-05-15 16:20:53', '2025-05-15 16:20:53'),
(207, 30, 11, 13.90, '2025-05-15 16:20:53', '2025-05-15 16:20:53'),
(208, 30, 12, 8.47, '2025-05-15 16:20:53', '2025-05-15 16:20:53'),
(209, 30, 13, 16.17, '2025-05-15 16:20:53', '2025-05-15 16:20:53'),
(210, 30, 14, 15.94, '2025-05-15 16:20:53', '2025-05-15 16:20:53'),
(211, 31, 8, 11.53, '2025-05-15 16:20:53', '2025-05-15 16:20:53'),
(212, 31, 9, 13.41, '2025-05-15 16:20:53', '2025-05-15 16:20:53'),
(213, 31, 10, 17.50, '2025-05-15 16:20:53', '2025-05-15 16:20:53'),
(214, 31, 11, 9.95, '2025-05-15 16:20:53', '2025-05-15 16:20:53'),
(215, 31, 12, 15.60, '2025-05-15 16:20:53', '2025-05-15 16:20:53'),
(216, 31, 13, 15.89, '2025-05-15 16:20:53', '2025-05-15 16:20:53'),
(217, 31, 14, 10.47, '2025-05-15 16:20:53', '2025-05-15 16:20:53'),
(225, 33, 8, 10.15, '2025-05-15 16:20:53', '2025-05-15 16:20:53'),
(226, 33, 9, 17.79, '2025-05-15 16:20:53', '2025-05-15 16:20:53'),
(227, 33, 10, 11.37, '2025-05-15 16:20:53', '2025-05-15 16:20:53'),
(228, 33, 11, 16.68, '2025-05-15 16:20:53', '2025-05-15 16:20:53'),
(229, 33, 12, 12.44, '2025-05-15 16:20:53', '2025-05-15 16:20:53'),
(230, 33, 13, 16.75, '2025-05-15 16:20:53', '2025-05-15 16:20:53'),
(231, 33, 14, 8.31, '2025-05-15 16:20:53', '2025-05-15 16:20:53'),
(232, 34, 8, 14.49, '2025-05-15 16:20:53', '2025-05-15 16:20:53'),
(233, 34, 9, 15.66, '2025-05-15 16:20:53', '2025-05-15 16:20:53'),
(234, 34, 10, 13.24, '2025-05-15 16:20:53', '2025-05-15 16:20:53'),
(235, 34, 11, 11.72, '2025-05-15 16:20:53', '2025-05-15 16:20:53'),
(236, 34, 12, 10.33, '2025-05-15 16:20:53', '2025-05-15 16:20:53'),
(237, 34, 13, 13.42, '2025-05-15 16:20:53', '2025-05-15 16:20:53'),
(238, 34, 14, 16.13, '2025-05-15 16:20:53', '2025-05-15 16:20:53'),
(239, 35, 8, 8.50, '2025-05-15 16:20:53', '2025-05-15 16:20:53'),
(240, 35, 9, 13.12, '2025-05-15 16:20:53', '2025-05-15 16:20:53'),
(241, 35, 10, 9.94, '2025-05-15 16:20:53', '2025-05-15 16:20:53'),
(242, 35, 11, 9.52, '2025-05-15 16:20:53', '2025-05-15 16:20:53'),
(243, 35, 12, 16.28, '2025-05-15 16:20:53', '2025-05-15 16:20:53'),
(244, 35, 13, 14.32, '2025-05-15 16:20:53', '2025-05-15 16:20:53'),
(245, 35, 14, 16.43, '2025-05-15 16:20:53', '2025-05-15 16:20:53'),
(246, 36, 8, 14.13, '2025-05-15 16:20:53', '2025-05-15 16:20:53'),
(247, 36, 9, 10.68, '2025-05-15 16:20:53', '2025-05-15 16:20:53'),
(248, 36, 10, 17.97, '2025-05-15 16:20:53', '2025-05-15 16:20:53'),
(249, 36, 11, 13.46, '2025-05-15 16:20:53', '2025-05-15 16:20:53'),
(250, 36, 12, 17.98, '2025-05-15 16:20:53', '2025-05-15 16:20:53'),
(251, 36, 13, 8.23, '2025-05-15 16:20:53', '2025-05-15 16:20:53'),
(252, 36, 14, 13.27, '2025-05-15 16:20:53', '2025-05-15 16:20:53'),
(253, 37, 8, 15.41, '2025-05-15 16:20:53', '2025-05-15 16:20:53'),
(254, 37, 9, 17.49, '2025-05-15 16:20:53', '2025-05-15 16:20:53'),
(255, 37, 10, 10.27, '2025-05-15 16:20:53', '2025-05-15 16:20:53'),
(256, 37, 11, 10.97, '2025-05-15 16:20:53', '2025-05-15 16:20:53'),
(257, 37, 12, 12.75, '2025-05-15 16:20:53', '2025-05-15 16:20:53'),
(258, 37, 13, 10.27, '2025-05-15 16:20:53', '2025-05-15 16:20:53'),
(259, 37, 14, 15.70, '2025-05-15 16:20:53', '2025-05-15 16:20:53'),
(260, 38, 8, 12.57, '2025-05-15 16:20:53', '2025-05-15 16:20:53'),
(261, 38, 9, 16.74, '2025-05-15 16:20:53', '2025-05-15 16:20:53'),
(262, 38, 10, 16.79, '2025-05-15 16:20:53', '2025-05-15 16:20:53'),
(263, 38, 11, 15.09, '2025-05-15 16:20:53', '2025-05-15 16:20:53'),
(264, 38, 12, 14.57, '2025-05-15 16:20:53', '2025-05-15 16:20:53'),
(265, 38, 13, 9.27, '2025-05-15 16:20:53', '2025-05-15 16:20:53'),
(266, 38, 14, 17.87, '2025-05-15 16:20:53', '2025-05-15 16:20:53'),
(267, 39, 8, 8.48, '2025-05-15 16:20:53', '2025-05-15 16:20:53'),
(268, 39, 9, 14.99, '2025-05-15 16:20:53', '2025-05-15 16:20:53'),
(269, 39, 10, 13.80, '2025-05-15 16:20:53', '2025-05-15 16:20:53'),
(270, 39, 11, 9.06, '2025-05-15 16:20:53', '2025-05-15 16:20:53'),
(271, 39, 12, 9.52, '2025-05-15 16:20:53', '2025-05-15 16:20:53'),
(272, 39, 13, 12.53, '2025-05-15 16:20:53', '2025-05-15 16:20:53'),
(273, 39, 14, 14.61, '2025-05-15 16:20:53', '2025-05-15 16:20:53'),
(274, 40, 8, 17.56, '2025-05-15 16:20:53', '2025-05-15 16:20:53'),
(275, 40, 9, 16.54, '2025-05-15 16:20:53', '2025-05-15 16:20:53'),
(276, 40, 10, 15.65, '2025-05-15 16:20:53', '2025-05-15 16:20:53'),
(277, 40, 11, 17.40, '2025-05-15 16:20:53', '2025-05-15 16:20:53'),
(278, 40, 12, 8.75, '2025-05-15 16:20:53', '2025-05-15 16:20:53'),
(279, 40, 13, 9.29, '2025-05-15 16:20:53', '2025-05-15 16:20:53'),
(280, 40, 14, 15.55, '2025-05-15 16:20:53', '2025-05-15 16:20:53'),
(281, 41, 15, 15.00, '2025-05-15 16:20:53', '2025-05-23 13:06:29'),
(282, 41, 16, 15.00, '2025-05-15 16:20:53', '2025-05-23 13:06:29'),
(283, 41, 17, 15.00, '2025-05-15 16:20:53', '2025-05-23 13:06:29'),
(284, 41, 18, 15.00, '2025-05-15 16:20:53', '2025-05-23 13:06:29'),
(285, 41, 19, 10.90, '2025-05-15 16:20:53', '2025-05-23 13:06:29'),
(286, 41, 20, 13.80, '2025-05-15 16:20:53', '2025-05-23 13:06:29'),
(287, 41, 21, 14.20, '2025-05-15 16:20:53', '2025-05-23 13:06:29'),
(288, 42, 15, 18.00, '2025-05-15 16:20:53', '2025-05-23 12:53:46'),
(289, 42, 16, 18.00, '2025-05-15 16:20:53', '2025-05-23 12:53:46'),
(290, 42, 17, 18.00, '2025-05-15 16:20:53', '2025-05-23 12:53:46'),
(291, 42, 18, 12.80, '2025-05-15 16:20:53', '2025-05-23 12:53:46'),
(292, 42, 19, 17.66, '2025-05-15 16:20:53', '2025-05-15 16:20:53'),
(293, 42, 20, 14.06, '2025-05-15 16:20:53', '2025-05-15 16:20:53'),
(294, 42, 21, 13.43, '2025-05-15 16:20:53', '2025-05-15 16:20:53'),
(295, 43, 15, 15.76, '2025-05-15 16:20:53', '2025-05-15 16:20:53'),
(296, 43, 16, 13.73, '2025-05-15 16:20:53', '2025-05-15 16:20:53'),
(297, 43, 17, 14.00, '2025-05-15 16:20:53', '2025-05-15 16:20:53'),
(298, 43, 18, 10.43, '2025-05-15 16:20:53', '2025-05-15 16:20:53'),
(299, 43, 19, 14.98, '2025-05-15 16:20:53', '2025-05-15 16:20:53'),
(300, 43, 20, 12.22, '2025-05-15 16:20:53', '2025-05-15 16:20:53'),
(301, 43, 21, 12.18, '2025-05-15 16:20:53', '2025-05-15 16:20:53'),
(302, 44, 15, 14.23, '2025-05-15 16:20:53', '2025-05-15 16:20:53'),
(303, 44, 16, 8.75, '2025-05-15 16:20:53', '2025-05-15 16:20:53'),
(304, 44, 17, 15.42, '2025-05-15 16:20:53', '2025-05-15 16:20:53'),
(305, 44, 18, 12.31, '2025-05-15 16:20:53', '2025-05-15 16:20:53'),
(306, 44, 19, 13.40, '2025-05-15 16:20:53', '2025-05-15 16:20:53'),
(307, 44, 20, 13.92, '2025-05-15 16:20:53', '2025-05-15 16:20:53'),
(308, 44, 21, 13.51, '2025-05-15 16:20:53', '2025-05-15 16:20:53'),
(309, 45, 15, 17.59, '2025-05-15 16:20:53', '2025-05-15 16:20:53'),
(310, 45, 16, 12.61, '2025-05-15 16:20:53', '2025-05-15 16:20:53'),
(311, 45, 17, 8.14, '2025-05-15 16:20:53', '2025-05-15 16:20:53'),
(312, 45, 18, 9.41, '2025-05-15 16:20:53', '2025-05-15 16:20:53'),
(313, 45, 19, 14.21, '2025-05-15 16:20:53', '2025-05-15 16:20:53'),
(314, 45, 20, 15.45, '2025-05-15 16:20:53', '2025-05-15 16:20:53'),
(315, 45, 21, 8.81, '2025-05-15 16:20:53', '2025-05-15 16:20:53'),
(316, 46, 15, 13.01, '2025-05-15 16:20:53', '2025-05-15 16:20:53'),
(317, 46, 16, 9.25, '2025-05-15 16:20:53', '2025-05-15 16:20:53'),
(318, 46, 17, 10.78, '2025-05-15 16:20:53', '2025-05-15 16:20:53'),
(319, 46, 18, 16.00, '2025-05-15 16:20:53', '2025-05-15 16:20:53'),
(320, 46, 19, 16.94, '2025-05-15 16:20:53', '2025-05-15 16:20:53'),
(321, 46, 20, 10.39, '2025-05-15 16:20:53', '2025-05-15 16:20:53'),
(322, 46, 21, 15.99, '2025-05-15 16:20:53', '2025-05-15 16:20:53'),
(323, 47, 15, 14.69, '2025-05-15 16:20:53', '2025-05-15 16:20:53'),
(324, 47, 16, 14.00, '2025-05-15 16:20:53', '2025-05-15 16:20:53'),
(325, 47, 17, 16.10, '2025-05-15 16:20:53', '2025-05-15 16:20:53'),
(326, 47, 18, 14.88, '2025-05-15 16:20:53', '2025-05-15 16:20:53'),
(327, 47, 19, 9.00, '2025-05-15 16:20:53', '2025-05-15 16:20:53'),
(328, 47, 20, 17.61, '2025-05-15 16:20:53', '2025-05-15 16:20:53'),
(329, 47, 21, 13.20, '2025-05-15 16:20:53', '2025-05-15 16:20:53'),
(330, 48, 15, 14.33, '2025-05-15 16:20:53', '2025-05-15 16:20:53'),
(331, 48, 16, 10.98, '2025-05-15 16:20:53', '2025-05-15 16:20:53'),
(332, 48, 17, 9.36, '2025-05-15 16:20:53', '2025-05-15 16:20:53'),
(333, 48, 18, 9.28, '2025-05-15 16:20:53', '2025-05-15 16:20:53'),
(334, 48, 19, 11.41, '2025-05-15 16:20:53', '2025-05-15 16:20:53'),
(335, 48, 20, 11.83, '2025-05-15 16:20:53', '2025-05-15 16:20:53'),
(336, 48, 21, 13.03, '2025-05-15 16:20:53', '2025-05-15 16:20:53'),
(337, 49, 15, 8.35, '2025-05-15 16:20:53', '2025-05-15 16:20:53'),
(338, 49, 16, 12.58, '2025-05-15 16:20:53', '2025-05-15 16:20:53'),
(339, 49, 17, 9.28, '2025-05-15 16:20:53', '2025-05-15 16:20:53'),
(340, 49, 18, 12.80, '2025-05-15 16:20:53', '2025-05-15 16:20:53'),
(341, 49, 19, 14.73, '2025-05-15 16:20:53', '2025-05-15 16:20:53'),
(342, 49, 20, 11.41, '2025-05-15 16:20:53', '2025-05-15 16:20:53'),
(343, 49, 21, 10.31, '2025-05-15 16:20:53', '2025-05-15 16:20:53'),
(344, 50, 15, 11.47, '2025-05-15 16:20:53', '2025-05-15 16:20:53'),
(345, 50, 16, 8.96, '2025-05-15 16:20:53', '2025-05-15 16:20:53'),
(346, 50, 17, 13.39, '2025-05-15 16:20:53', '2025-05-15 16:20:53'),
(347, 50, 18, 9.17, '2025-05-15 16:20:53', '2025-05-15 16:20:53'),
(348, 50, 19, 12.15, '2025-05-15 16:20:53', '2025-05-15 16:20:53'),
(349, 50, 20, 12.15, '2025-05-15 16:20:53', '2025-05-15 16:20:53'),
(350, 50, 21, 16.34, '2025-05-15 16:20:53', '2025-05-15 16:20:53'),
(351, 51, 15, 8.30, '2025-05-15 16:20:53', '2025-05-15 16:20:53'),
(352, 51, 16, 12.88, '2025-05-15 16:20:53', '2025-05-15 16:20:53'),
(353, 51, 17, 16.48, '2025-05-15 16:20:53', '2025-05-15 16:20:53'),
(354, 51, 18, 8.86, '2025-05-15 16:20:53', '2025-05-15 16:20:53'),
(355, 51, 19, 12.74, '2025-05-15 16:20:53', '2025-05-15 16:20:53'),
(356, 51, 20, 15.74, '2025-05-15 16:20:53', '2025-05-15 16:20:53'),
(357, 51, 21, 13.73, '2025-05-15 16:20:53', '2025-05-15 16:20:53'),
(358, 52, 15, 14.17, '2025-05-15 16:20:53', '2025-05-15 16:20:53'),
(359, 52, 16, 17.98, '2025-05-15 16:20:53', '2025-05-15 16:20:53'),
(360, 52, 17, 10.61, '2025-05-15 16:20:53', '2025-05-15 16:20:53'),
(361, 52, 18, 14.05, '2025-05-15 16:20:53', '2025-05-15 16:20:53'),
(362, 52, 19, 9.89, '2025-05-15 16:20:53', '2025-05-15 16:20:53'),
(363, 52, 20, 11.83, '2025-05-15 16:20:53', '2025-05-15 16:20:53'),
(364, 52, 21, 9.15, '2025-05-15 16:20:53', '2025-05-15 16:20:53'),
(365, 53, 15, 10.32, '2025-05-15 16:20:53', '2025-05-15 16:20:53'),
(366, 53, 16, 11.36, '2025-05-15 16:20:53', '2025-05-15 16:20:53'),
(367, 53, 17, 15.10, '2025-05-15 16:20:53', '2025-05-15 16:20:53'),
(368, 53, 18, 11.49, '2025-05-15 16:20:53', '2025-05-15 16:20:53'),
(369, 53, 19, 17.08, '2025-05-15 16:20:53', '2025-05-15 16:20:53'),
(370, 53, 20, 13.99, '2025-05-15 16:20:53', '2025-05-15 16:20:53'),
(371, 53, 21, 17.82, '2025-05-15 16:20:53', '2025-05-15 16:20:53'),
(372, 54, 15, 11.05, '2025-05-15 16:20:53', '2025-05-15 16:20:53'),
(373, 54, 16, 17.81, '2025-05-15 16:20:53', '2025-05-15 16:20:53'),
(374, 54, 17, 10.20, '2025-05-15 16:20:53', '2025-05-15 16:20:53'),
(375, 54, 18, 12.75, '2025-05-15 16:20:53', '2025-05-15 16:20:53'),
(376, 54, 19, 15.30, '2025-05-15 16:20:53', '2025-05-15 16:20:53'),
(377, 54, 20, 10.41, '2025-05-15 16:20:53', '2025-05-15 16:20:53'),
(378, 54, 21, 8.12, '2025-05-15 16:20:53', '2025-05-15 16:20:53'),
(379, 55, 15, 10.82, '2025-05-15 16:20:53', '2025-05-15 16:20:53'),
(380, 55, 16, 14.57, '2025-05-15 16:20:53', '2025-05-15 16:20:53'),
(381, 55, 17, 9.99, '2025-05-15 16:20:53', '2025-05-15 16:20:53'),
(382, 55, 18, 10.27, '2025-05-15 16:20:53', '2025-05-15 16:20:53'),
(383, 55, 19, 15.81, '2025-05-15 16:20:53', '2025-05-15 16:20:53'),
(384, 55, 20, 17.69, '2025-05-15 16:20:53', '2025-05-15 16:20:53'),
(385, 55, 21, 13.91, '2025-05-15 16:20:53', '2025-05-15 16:20:53'),
(386, 56, 15, 10.47, '2025-05-15 16:20:53', '2025-05-15 16:20:53'),
(387, 56, 16, 8.09, '2025-05-15 16:20:53', '2025-05-15 16:20:53'),
(388, 56, 17, 16.23, '2025-05-15 16:20:53', '2025-05-15 16:20:53'),
(389, 56, 18, 16.55, '2025-05-15 16:20:53', '2025-05-15 16:20:53'),
(390, 56, 19, 9.18, '2025-05-15 16:20:53', '2025-05-15 16:20:53'),
(391, 56, 20, 10.55, '2025-05-15 16:20:53', '2025-05-15 16:20:53'),
(392, 56, 21, 9.47, '2025-05-15 16:20:53', '2025-05-15 16:20:53'),
(393, 57, 15, 11.36, '2025-05-15 16:20:53', '2025-05-15 16:20:53'),
(394, 57, 16, 14.21, '2025-05-15 16:20:53', '2025-05-15 16:20:53'),
(395, 57, 17, 12.40, '2025-05-15 16:20:53', '2025-05-15 16:20:53'),
(396, 57, 18, 10.43, '2025-05-15 16:20:53', '2025-05-15 16:20:53'),
(397, 57, 19, 17.65, '2025-05-15 16:20:53', '2025-05-15 16:20:53'),
(398, 57, 20, 14.15, '2025-05-15 16:20:53', '2025-05-15 16:20:53'),
(399, 57, 21, 17.71, '2025-05-15 16:20:53', '2025-05-15 16:20:53'),
(400, 58, 15, 12.64, '2025-05-15 16:20:53', '2025-05-15 16:20:53'),
(401, 58, 16, 14.28, '2025-05-15 16:20:53', '2025-05-15 16:20:53'),
(402, 58, 17, 14.37, '2025-05-15 16:20:53', '2025-05-15 16:20:53'),
(403, 58, 18, 16.34, '2025-05-15 16:20:53', '2025-05-15 16:20:53'),
(404, 58, 19, 9.25, '2025-05-15 16:20:53', '2025-05-15 16:20:53'),
(405, 58, 20, 12.08, '2025-05-15 16:20:53', '2025-05-15 16:20:53'),
(406, 58, 21, 15.61, '2025-05-15 16:20:53', '2025-05-15 16:20:53'),
(407, 59, 15, 14.17, '2025-05-15 16:20:53', '2025-05-15 16:20:53'),
(408, 59, 16, 13.24, '2025-05-15 16:20:53', '2025-05-15 16:20:53'),
(409, 59, 17, 14.72, '2025-05-15 16:20:53', '2025-05-15 16:20:53'),
(410, 59, 18, 16.72, '2025-05-15 16:20:53', '2025-05-15 16:20:53'),
(411, 59, 19, 15.58, '2025-05-15 16:20:53', '2025-05-15 16:20:53'),
(412, 59, 20, 14.59, '2025-05-15 16:20:53', '2025-05-15 16:20:53'),
(413, 59, 21, 13.87, '2025-05-15 16:20:53', '2025-05-15 16:20:53'),
(414, 60, 15, 17.80, '2025-05-15 16:20:53', '2025-05-15 16:20:53'),
(415, 60, 16, 13.90, '2025-05-15 16:20:53', '2025-05-15 16:20:53'),
(416, 60, 17, 15.90, '2025-05-15 16:20:53', '2025-05-15 16:20:53'),
(417, 60, 18, 12.85, '2025-05-15 16:20:53', '2025-05-15 16:20:53'),
(418, 60, 19, 9.15, '2025-05-15 16:20:53', '2025-05-15 16:20:53'),
(419, 60, 20, 17.56, '2025-05-15 16:20:53', '2025-05-15 16:20:53'),
(420, 60, 21, 15.65, '2025-05-15 16:20:53', '2025-05-15 16:20:53'),
(421, 61, 22, 17.00, '2025-05-15 16:20:53', '2025-05-23 12:54:49'),
(422, 61, 23, 17.00, '2025-05-15 16:20:53', '2025-05-23 12:54:49'),
(423, 61, 24, 17.00, '2025-05-15 16:20:53', '2025-05-23 12:54:49'),
(424, 61, 25, 12.36, '2025-05-15 16:20:53', '2025-05-15 16:20:53'),
(425, 61, 26, 9.12, '2025-05-15 16:20:53', '2025-05-15 16:20:53'),
(426, 61, 27, 12.00, '2025-05-15 16:20:53', '2025-05-23 12:54:49'),
(427, 61, 28, 17.08, '2025-05-15 16:20:53', '2025-05-15 16:20:53'),
(435, 63, 22, 9.30, '2025-05-15 16:20:54', '2025-05-23 12:54:20'),
(436, 63, 23, 14.26, '2025-05-15 16:20:54', '2025-05-15 16:20:54'),
(437, 63, 24, 12.77, '2025-05-15 16:20:54', '2025-05-15 16:20:54'),
(438, 63, 25, 14.78, '2025-05-15 16:20:54', '2025-05-15 16:20:54'),
(439, 63, 26, 15.04, '2025-05-15 16:20:54', '2025-05-15 16:20:54'),
(440, 63, 27, 11.00, '2025-05-15 16:20:54', '2025-05-23 12:54:20'),
(441, 63, 28, 9.33, '2025-05-15 16:20:54', '2025-05-15 16:20:54'),
(442, 64, 22, 14.31, '2025-05-15 16:20:54', '2025-05-15 16:20:54'),
(443, 64, 23, 15.18, '2025-05-15 16:20:54', '2025-05-15 16:20:54'),
(444, 64, 24, 13.45, '2025-05-15 16:20:54', '2025-05-15 16:20:54'),
(445, 64, 25, 11.95, '2025-05-15 16:20:54', '2025-05-15 16:20:54'),
(446, 64, 26, 15.24, '2025-05-15 16:20:54', '2025-05-15 16:20:54'),
(447, 64, 27, 13.90, '2025-05-15 16:20:54', '2025-05-15 16:20:54'),
(448, 64, 28, 15.34, '2025-05-15 16:20:54', '2025-05-15 16:20:54'),
(449, 65, 22, 16.61, '2025-05-15 16:20:54', '2025-05-15 16:20:54'),
(450, 65, 23, 14.13, '2025-05-15 16:20:54', '2025-05-15 16:20:54'),
(451, 65, 24, 12.73, '2025-05-15 16:20:54', '2025-05-15 16:20:54'),
(452, 65, 25, 14.35, '2025-05-15 16:20:54', '2025-05-15 16:20:54'),
(453, 65, 26, 9.01, '2025-05-15 16:20:54', '2025-05-15 16:20:54'),
(454, 65, 27, 13.59, '2025-05-15 16:20:54', '2025-05-15 16:20:54'),
(455, 65, 28, 8.91, '2025-05-15 16:20:54', '2025-05-15 16:20:54'),
(456, 66, 22, 20.00, '2025-05-15 16:20:54', '2025-05-21 09:26:38'),
(457, 66, 23, 9.82, '2025-05-15 16:20:54', '2025-05-15 16:20:54'),
(458, 66, 24, 12.89, '2025-05-15 16:20:54', '2025-05-15 16:20:54'),
(459, 66, 25, 12.55, '2025-05-15 16:20:54', '2025-05-15 16:20:54'),
(460, 66, 26, 8.86, '2025-05-15 16:20:54', '2025-05-15 16:20:54'),
(461, 66, 27, 10.36, '2025-05-15 16:20:54', '2025-05-15 16:20:54'),
(462, 66, 28, 9.14, '2025-05-15 16:20:54', '2025-05-15 16:20:54'),
(463, 67, 22, 8.63, '2025-05-15 16:20:54', '2025-05-15 16:20:54'),
(464, 67, 23, 16.06, '2025-05-15 16:20:54', '2025-05-15 16:20:54'),
(465, 67, 24, 11.53, '2025-05-15 16:20:54', '2025-05-15 16:20:54'),
(466, 67, 25, 8.75, '2025-05-15 16:20:54', '2025-05-15 16:20:54'),
(467, 67, 26, 11.81, '2025-05-15 16:20:54', '2025-05-15 16:20:54'),
(468, 67, 27, 8.61, '2025-05-15 16:20:54', '2025-05-15 16:20:54'),
(469, 67, 28, 12.65, '2025-05-15 16:20:54', '2025-05-15 16:20:54'),
(470, 68, 22, 12.49, '2025-05-15 16:20:54', '2025-05-15 16:20:54'),
(471, 68, 23, 10.62, '2025-05-15 16:20:54', '2025-05-15 16:20:54'),
(472, 68, 24, 14.75, '2025-05-15 16:20:54', '2025-05-15 16:20:54'),
(473, 68, 25, 14.08, '2025-05-15 16:20:54', '2025-05-15 16:20:54'),
(474, 68, 26, 8.32, '2025-05-15 16:20:54', '2025-05-15 16:20:54'),
(475, 68, 27, 13.11, '2025-05-15 16:20:54', '2025-05-15 16:20:54'),
(476, 68, 28, 15.24, '2025-05-15 16:20:54', '2025-05-15 16:20:54'),
(477, 69, 22, 13.98, '2025-05-15 16:20:54', '2025-05-15 16:20:54'),
(478, 69, 23, 16.74, '2025-05-15 16:20:54', '2025-05-15 16:20:54'),
(479, 69, 24, 10.96, '2025-05-15 16:20:54', '2025-05-15 16:20:54'),
(480, 69, 25, 12.96, '2025-05-15 16:20:54', '2025-05-15 16:20:54'),
(481, 69, 26, 17.56, '2025-05-15 16:20:54', '2025-05-15 16:20:54'),
(482, 69, 27, 11.84, '2025-05-15 16:20:54', '2025-05-15 16:20:54'),
(483, 69, 28, 10.88, '2025-05-15 16:20:54', '2025-05-15 16:20:54'),
(484, 70, 22, 17.24, '2025-05-15 16:20:54', '2025-05-15 16:20:54'),
(485, 70, 23, 16.86, '2025-05-15 16:20:54', '2025-05-15 16:20:54'),
(486, 70, 24, 10.19, '2025-05-15 16:20:54', '2025-05-15 16:20:54'),
(487, 70, 25, 14.38, '2025-05-15 16:20:54', '2025-05-15 16:20:54'),
(488, 70, 26, 9.38, '2025-05-15 16:20:54', '2025-05-15 16:20:54'),
(489, 70, 27, 8.12, '2025-05-15 16:20:54', '2025-05-15 16:20:54'),
(490, 70, 28, 8.46, '2025-05-15 16:20:54', '2025-05-15 16:20:54'),
(491, 71, 22, 11.34, '2025-05-15 16:20:54', '2025-05-15 16:20:54'),
(492, 71, 23, 9.32, '2025-05-15 16:20:54', '2025-05-15 16:20:54'),
(493, 71, 24, 8.49, '2025-05-15 16:20:54', '2025-05-15 16:20:54'),
(494, 71, 25, 10.80, '2025-05-15 16:20:54', '2025-05-15 16:20:54'),
(495, 71, 26, 12.96, '2025-05-15 16:20:54', '2025-05-15 16:20:54'),
(496, 71, 27, 12.61, '2025-05-15 16:20:54', '2025-05-15 16:20:54'),
(497, 71, 28, 12.43, '2025-05-15 16:20:54', '2025-05-15 16:20:54'),
(498, 72, 22, 9.10, '2025-05-15 16:20:54', '2025-05-15 16:20:54'),
(499, 72, 23, 10.26, '2025-05-15 16:20:54', '2025-05-15 16:20:54'),
(500, 72, 24, 11.16, '2025-05-15 16:20:54', '2025-05-15 16:20:54'),
(501, 72, 25, 17.70, '2025-05-15 16:20:54', '2025-05-15 16:20:54'),
(502, 72, 26, 8.99, '2025-05-15 16:20:54', '2025-05-15 16:20:54'),
(503, 72, 27, 10.03, '2025-05-15 16:20:54', '2025-05-15 16:20:54'),
(504, 72, 28, 11.43, '2025-05-15 16:20:54', '2025-05-15 16:20:54'),
(505, 73, 22, 17.71, '2025-05-15 16:20:54', '2025-05-15 16:20:54'),
(506, 73, 23, 17.49, '2025-05-15 16:20:54', '2025-05-15 16:20:54'),
(507, 73, 24, 15.12, '2025-05-15 16:20:54', '2025-05-15 16:20:54'),
(508, 73, 25, 16.04, '2025-05-15 16:20:54', '2025-05-15 16:20:54'),
(509, 73, 26, 9.14, '2025-05-15 16:20:54', '2025-05-15 16:20:54'),
(510, 73, 27, 15.73, '2025-05-15 16:20:54', '2025-05-15 16:20:54'),
(511, 73, 28, 12.30, '2025-05-15 16:20:54', '2025-05-15 16:20:54'),
(519, 75, 22, 11.86, '2025-05-15 16:20:54', '2025-05-15 16:20:54'),
(520, 75, 23, 17.19, '2025-05-15 16:20:54', '2025-05-15 16:20:54'),
(521, 75, 24, 9.93, '2025-05-15 16:20:54', '2025-05-15 16:20:54'),
(522, 75, 25, 14.38, '2025-05-15 16:20:54', '2025-05-15 16:20:54'),
(523, 75, 26, 11.19, '2025-05-15 16:20:54', '2025-05-15 16:20:54'),
(524, 75, 27, 17.91, '2025-05-15 16:20:54', '2025-05-15 16:20:54'),
(525, 75, 28, 12.25, '2025-05-15 16:20:54', '2025-05-15 16:20:54'),
(526, 76, 22, 10.90, '2025-05-15 16:20:54', '2025-05-15 16:20:54'),
(527, 76, 23, 16.65, '2025-05-15 16:20:54', '2025-05-15 16:20:54'),
(528, 76, 24, 14.94, '2025-05-15 16:20:54', '2025-05-15 16:20:54'),
(529, 76, 25, 8.94, '2025-05-15 16:20:54', '2025-05-15 16:20:54'),
(530, 76, 26, 13.92, '2025-05-15 16:20:54', '2025-05-15 16:20:54'),
(531, 76, 27, 8.63, '2025-05-15 16:20:54', '2025-05-15 16:20:54'),
(532, 76, 28, 16.45, '2025-05-15 16:20:54', '2025-05-15 16:20:54'),
(533, 77, 22, 8.53, '2025-05-15 16:20:54', '2025-05-15 16:20:54'),
(534, 77, 23, 14.96, '2025-05-15 16:20:54', '2025-05-15 16:20:54'),
(535, 77, 24, 8.74, '2025-05-15 16:20:54', '2025-05-15 16:20:54'),
(536, 77, 25, 15.91, '2025-05-15 16:20:54', '2025-05-15 16:20:54'),
(537, 77, 26, 8.48, '2025-05-15 16:20:54', '2025-05-15 16:20:54'),
(538, 77, 27, 13.50, '2025-05-15 16:20:54', '2025-05-15 16:20:54'),
(539, 77, 28, 13.10, '2025-05-15 16:20:54', '2025-05-15 16:20:54'),
(540, 78, 22, 12.05, '2025-05-15 16:20:54', '2025-05-15 16:20:54'),
(541, 78, 23, 17.95, '2025-05-15 16:20:54', '2025-05-15 16:20:54'),
(542, 78, 24, 9.52, '2025-05-15 16:20:54', '2025-05-15 16:20:54'),
(543, 78, 25, 9.74, '2025-05-15 16:20:54', '2025-05-15 16:20:54'),
(544, 78, 26, 13.46, '2025-05-15 16:20:54', '2025-05-15 16:20:54'),
(545, 78, 27, 16.53, '2025-05-15 16:20:54', '2025-05-15 16:20:54'),
(546, 78, 28, 11.07, '2025-05-15 16:20:54', '2025-05-15 16:20:54'),
(547, 79, 22, 16.47, '2025-05-15 16:20:54', '2025-05-15 16:20:54'),
(548, 79, 23, 16.71, '2025-05-15 16:20:54', '2025-05-15 16:20:54'),
(549, 79, 24, 12.98, '2025-05-15 16:20:54', '2025-05-15 16:20:54'),
(550, 79, 25, 10.88, '2025-05-15 16:20:54', '2025-05-15 16:20:54'),
(551, 79, 26, 13.65, '2025-05-15 16:20:54', '2025-05-15 16:20:54'),
(552, 79, 27, 9.97, '2025-05-15 16:20:54', '2025-05-15 16:20:54'),
(553, 79, 28, 16.51, '2025-05-15 16:20:54', '2025-05-15 16:20:54'),
(554, 80, 22, 16.83, '2025-05-15 16:20:54', '2025-05-15 16:20:54'),
(555, 80, 23, 9.09, '2025-05-15 16:20:54', '2025-05-15 16:20:54'),
(556, 80, 24, 14.23, '2025-05-15 16:20:54', '2025-05-15 16:20:54'),
(557, 80, 25, 8.01, '2025-05-15 16:20:54', '2025-05-15 16:20:54'),
(558, 80, 26, 15.31, '2025-05-15 16:20:54', '2025-05-15 16:20:54'),
(559, 80, 27, 9.49, '2025-05-15 16:20:54', '2025-05-15 16:20:54'),
(560, 80, 28, 15.85, '2025-05-15 16:20:54', '2025-05-15 16:20:54');

-- --------------------------------------------------------

--
-- Structure de la table `password_resets`
--

CREATE TABLE `password_resets` (
  `email` varchar(255) NOT NULL,
  `token` varchar(255) NOT NULL,
  `created_at` timestamp NULL DEFAULT NULL
) ENGINE=InnoDB DEFAULT CHARSET=utf8mb4 COLLATE=utf8mb4_unicode_ci;

--
-- Déchargement des données de la table `password_resets`
--

INSERT INTO `password_resets` (`email`, `token`, `created_at`) VALUES
('rayhana@admin.com', '$2y$10$03Ks9t.rknP09cO38DomNe1vwdaLT.CYdOsvvYPal2etXmkgiHBJm', '2025-05-20 20:16:22');

-- --------------------------------------------------------

--
-- Structure de la table `personal_access_tokens`
--

CREATE TABLE `personal_access_tokens` (
  `id` bigint(20) UNSIGNED NOT NULL,
  `tokenable_type` varchar(255) NOT NULL,
  `tokenable_id` bigint(20) UNSIGNED NOT NULL,
  `name` varchar(255) NOT NULL,
  `token` varchar(64) NOT NULL,
  `abilities` text DEFAULT NULL,
  `last_used_at` timestamp NULL DEFAULT NULL,
  `expires_at` timestamp NULL DEFAULT NULL,
  `created_at` timestamp NULL DEFAULT NULL,
  `updated_at` timestamp NULL DEFAULT NULL
) ENGINE=InnoDB DEFAULT CHARSET=utf8mb4 COLLATE=utf8mb4_unicode_ci;

-- --------------------------------------------------------

--
-- Structure de la table `salles`
--

CREATE TABLE `salles` (
  `id` bigint(20) UNSIGNED NOT NULL,
  `nom` varchar(255) NOT NULL,
  `created_at` timestamp NULL DEFAULT NULL,
  `updated_at` timestamp NULL DEFAULT NULL
) ENGINE=InnoDB DEFAULT CHARSET=utf8mb4 COLLATE=utf8mb4_unicode_ci;

--
-- Déchargement des données de la table `salles`
--

INSERT INTO `salles` (`id`, `nom`, `created_at`, `updated_at`) VALUES
(1, 'A1', '2025-05-15 16:35:11', '2025-05-15 16:35:11'),
(2, 'B2', '2025-05-15 16:35:11', '2025-05-15 16:35:11'),
(3, 'C3', '2025-05-15 16:35:11', '2025-05-15 16:35:11');

-- --------------------------------------------------------

--
-- Structure de la table `surveillants`
--

CREATE TABLE `surveillants` (
  `id` bigint(20) UNSIGNED NOT NULL,
  `nom` varchar(255) NOT NULL,
  `prenom` varchar(255) NOT NULL,
  `email` varchar(255) NOT NULL,
  `created_at` timestamp NULL DEFAULT NULL,
  `updated_at` timestamp NULL DEFAULT NULL
) ENGINE=InnoDB DEFAULT CHARSET=utf8mb4 COLLATE=utf8mb4_unicode_ci;

--
-- Déchargement des données de la table `surveillants`
--

INSERT INTO `surveillants` (`id`, `nom`, `prenom`, `email`, `created_at`, `updated_at`) VALUES
(4, 'salma', 'wisssal', 'salman@gmail.com', '2025-05-16 21:53:16', '2025-05-16 21:53:16');

-- --------------------------------------------------------

--
-- Structure de la table `users`
--

CREATE TABLE `users` (
  `id` bigint(20) UNSIGNED NOT NULL,
  `name` varchar(255) NOT NULL,
  `email` varchar(255) NOT NULL,
  `email_verified_at` timestamp NULL DEFAULT NULL,
  `password` varchar(255) NOT NULL,
  `remember_token` varchar(100) DEFAULT NULL,
  `created_at` timestamp NULL DEFAULT NULL,
  `updated_at` timestamp NULL DEFAULT NULL
) ENGINE=InnoDB DEFAULT CHARSET=utf8mb4 COLLATE=utf8mb4_unicode_ci;

--
-- Déchargement des données de la table `users`
--

INSERT INTO `users` (`id`, `name`, `email`, `email_verified_at`, `password`, `remember_token`, `created_at`, `updated_at`) VALUES
(1, 'Salma Nechda', 'salma@admin.com', NULL, '$2y$10$1R5LpSoXGVe0CzCY0Tv8veqFMnmdCEIwx8DZSP1EoPoY1RH0pZrUy', 'C2LVoPjlOxwqJ0rG3eSowu3xUABu3HhBBFkC7Y4nVDlEmxmUQ2AB0aGYu9fS', '2025-05-15 16:20:49', '2025-05-16 15:16:44'),
(2, 'Rayhana Hamriti', 'rayhana@admin.com', NULL, '$2y$10$R0E2WgCrBW9KYfDOOHY6WuN/I1Xnw1CuxgiYvHD4212LP1mB36ctK', NULL, '2025-05-15 16:20:49', '2025-05-15 16:20:49');

-- --------------------------------------------------------

--
-- Doublure de structure pour la vue `vue_notes_etudiants`
-- (Voir ci-dessous la vue réelle)
--
CREATE TABLE `vue_notes_etudiants` (
`etudiant_id` bigint(20) unsigned
,`etudiant` varchar(511)
,`matiere` varchar(255)
,`note` double(8,2)
,`created_at` timestamp
);

-- --------------------------------------------------------

--
-- Structure de la vue `vue_notes_etudiants`
--
DROP TABLE IF EXISTS `vue_notes_etudiants`;

CREATE ALGORITHM=UNDEFINED DEFINER=`root`@`localhost` SQL SECURITY DEFINER VIEW `vue_notes_etudiants`  AS SELECT `e`.`id` AS `etudiant_id`, concat(`e`.`nom`,' ',`e`.`prenom`) AS `etudiant`, `m`.`nom` AS `matiere`, `n`.`valeur` AS `note`, `n`.`created_at` AS `created_at` FROM ((`notes` `n` join `etudiants` `e` on(`n`.`etudiant_id` = `e`.`id`)) join `matieres` `m` on(`n`.`matiere_id` = `m`.`id`)) ORDER BY `e`.`nom` ASC, `m`.`nom` ASC ;

--
-- Index pour les tables déchargées
--

--
-- Index pour la table `classes`
--
ALTER TABLE `classes`
  ADD PRIMARY KEY (`id`);

--
-- Index pour la table `convocations`
--
ALTER TABLE `convocations`
  ADD PRIMARY KEY (`id`),
  ADD KEY `convocations_salle_id_foreign` (`salle_id`),
  ADD KEY `convocations_surveillant_id_foreign` (`surveillant_id`);

--
-- Index pour la table `enseignants`
--
ALTER TABLE `enseignants`
  ADD PRIMARY KEY (`id`),
  ADD UNIQUE KEY `enseignants_email_unique` (`email`),
  ADD UNIQUE KEY `enseignants_matricule_unique` (`matricule`);

--
-- Index pour la table `etudiants`
--
ALTER TABLE `etudiants`
  ADD PRIMARY KEY (`id`),
  ADD UNIQUE KEY `etudiants_email_unique` (`email`),
  ADD UNIQUE KEY `etudiants_cne_unique` (`cne`),
  ADD KEY `etudiants_classe_id_foreign` (`classe_id`);

--
-- Index pour la table `failed_jobs`
--
ALTER TABLE `failed_jobs`
  ADD PRIMARY KEY (`id`),
  ADD UNIQUE KEY `failed_jobs_uuid_unique` (`uuid`);

--
-- Index pour la table `matieres`
--
ALTER TABLE `matieres`
  ADD PRIMARY KEY (`id`),
  ADD UNIQUE KEY `matieres_code_unique` (`code`),
  ADD KEY `matieres_classe_id_foreign` (`classe_id`);

--
-- Index pour la table `migrations`
--
ALTER TABLE `migrations`
  ADD PRIMARY KEY (`id`);

--
-- Index pour la table `notes`
--
ALTER TABLE `notes`
  ADD PRIMARY KEY (`id`),
  ADD KEY `notes_etudiant_id_foreign` (`etudiant_id`),
  ADD KEY `notes_matiere_id_foreign` (`matiere_id`);

--
-- Index pour la table `password_resets`
--
ALTER TABLE `password_resets`
  ADD PRIMARY KEY (`email`);

--
-- Index pour la table `personal_access_tokens`
--
ALTER TABLE `personal_access_tokens`
  ADD PRIMARY KEY (`id`),
  ADD UNIQUE KEY `personal_access_tokens_token_unique` (`token`),
  ADD KEY `personal_access_tokens_tokenable_type_tokenable_id_index` (`tokenable_type`,`tokenable_id`);

--
-- Index pour la table `salles`
--
ALTER TABLE `salles`
  ADD PRIMARY KEY (`id`),
  ADD UNIQUE KEY `salles_nom_unique` (`nom`);

--
-- Index pour la table `surveillants`
--
ALTER TABLE `surveillants`
  ADD PRIMARY KEY (`id`),
  ADD UNIQUE KEY `surveillants_email_unique` (`email`);

--
-- Index pour la table `users`
--
ALTER TABLE `users`
  ADD PRIMARY KEY (`id`),
  ADD UNIQUE KEY `users_email_unique` (`email`);

--
-- AUTO_INCREMENT pour les tables déchargées
--

--
-- AUTO_INCREMENT pour la table `classes`
--
ALTER TABLE `classes`
  MODIFY `id` bigint(20) UNSIGNED NOT NULL AUTO_INCREMENT, AUTO_INCREMENT=5;

--
-- AUTO_INCREMENT pour la table `convocations`
--
ALTER TABLE `convocations`
  MODIFY `id` bigint(20) UNSIGNED NOT NULL AUTO_INCREMENT, AUTO_INCREMENT=22;

--
-- AUTO_INCREMENT pour la table `enseignants`
--
ALTER TABLE `enseignants`
  MODIFY `id` bigint(20) UNSIGNED NOT NULL AUTO_INCREMENT;

--
-- AUTO_INCREMENT pour la table `etudiants`
--
ALTER TABLE `etudiants`
  MODIFY `id` bigint(20) UNSIGNED NOT NULL AUTO_INCREMENT, AUTO_INCREMENT=88;

--
-- AUTO_INCREMENT pour la table `failed_jobs`
--
ALTER TABLE `failed_jobs`
  MODIFY `id` bigint(20) UNSIGNED NOT NULL AUTO_INCREMENT;

--
-- AUTO_INCREMENT pour la table `matieres`
--
ALTER TABLE `matieres`
  MODIFY `id` bigint(20) UNSIGNED NOT NULL AUTO_INCREMENT, AUTO_INCREMENT=29;

--
-- AUTO_INCREMENT pour la table `migrations`
--
ALTER TABLE `migrations`
  MODIFY `id` int(10) UNSIGNED NOT NULL AUTO_INCREMENT, AUTO_INCREMENT=21;

--
-- AUTO_INCREMENT pour la table `notes`
--
ALTER TABLE `notes`
  MODIFY `id` bigint(20) UNSIGNED NOT NULL AUTO_INCREMENT, AUTO_INCREMENT=561;

--
-- AUTO_INCREMENT pour la table `personal_access_tokens`
--
ALTER TABLE `personal_access_tokens`
  MODIFY `id` bigint(20) UNSIGNED NOT NULL AUTO_INCREMENT;

--
-- AUTO_INCREMENT pour la table `salles`
--
ALTER TABLE `salles`
  MODIFY `id` bigint(20) UNSIGNED NOT NULL AUTO_INCREMENT, AUTO_INCREMENT=4;

--
-- AUTO_INCREMENT pour la table `surveillants`
--
ALTER TABLE `surveillants`
  MODIFY `id` bigint(20) UNSIGNED NOT NULL AUTO_INCREMENT, AUTO_INCREMENT=6;

--
-- AUTO_INCREMENT pour la table `users`
--
ALTER TABLE `users`
  MODIFY `id` bigint(20) UNSIGNED NOT NULL AUTO_INCREMENT, AUTO_INCREMENT=3;

--
-- Contraintes pour les tables déchargées
--

--
-- Contraintes pour la table `convocations`
--
ALTER TABLE `convocations`
  ADD CONSTRAINT `convocations_salle_id_foreign` FOREIGN KEY (`salle_id`) REFERENCES `salles` (`id`) ON DELETE CASCADE,
  ADD CONSTRAINT `convocations_surveillant_id_foreign` FOREIGN KEY (`surveillant_id`) REFERENCES `surveillants` (`id`) ON DELETE CASCADE;

--
-- Contraintes pour la table `etudiants`
--
ALTER TABLE `etudiants`
  ADD CONSTRAINT `etudiants_classe_id_foreign` FOREIGN KEY (`classe_id`) REFERENCES `classes` (`id`) ON DELETE CASCADE;

--
-- Contraintes pour la table `matieres`
--
ALTER TABLE `matieres`
  ADD CONSTRAINT `matieres_classe_id_foreign` FOREIGN KEY (`classe_id`) REFERENCES `classes` (`id`) ON DELETE CASCADE;

--
-- Contraintes pour la table `notes`
--
ALTER TABLE `notes`
  ADD CONSTRAINT `notes_etudiant_id_foreign` FOREIGN KEY (`etudiant_id`) REFERENCES `etudiants` (`id`) ON DELETE CASCADE,
  ADD CONSTRAINT `notes_matiere_id_foreign` FOREIGN KEY (`matiere_id`) REFERENCES `matieres` (`id`) ON DELETE CASCADE;
COMMIT;

/*!40101 SET CHARACTER_SET_CLIENT=@OLD_CHARACTER_SET_CLIENT */;
/*!40101 SET CHARACTER_SET_RESULTS=@OLD_CHARACTER_SET_RESULTS */;
/*!40101 SET COLLATION_CONNECTION=@OLD_COLLATION_CONNECTION */;
